{
  "version": "2022.2",
  "applications": [],
  "platforms": [
    {
      "name": "YPCB_00338_1P1_plat"
    }
  ],
  "systems": [
    {
      "name": "YPCB_00338_1P1_App_system",
      "platform": "/home/tiferking/WorkPlace/Vitis/YPCB_00338_1P1_plat/export/YPCB_00338_1P1_plat/YPCB_00338_1P1_plat.xpfm",
      "sysConfig": "YPCB_00338_1P1_plat",
      "buildConfig": "Debug",
      "applications": [
        {
          "name": "YPCB_00338_1P1_App",
          "platform": "/home/tiferking/WorkPlace/Vitis/YPCB_00338_1P1_plat/export/YPCB_00338_1P1_plat/YPCB_00338_1P1_plat.xpfm",
          "sysConfig": "YPCB_00338_1P1_plat",
          "domain": "standalone_domain",
          "system": "YPCB_00338_1P1_App_system"
        }
      ]
    }
  ],
  "others": []
}